<?xml version="1.0" encoding="UTF-8"?>
<menuDocument>
    <menu>

    <separatorItem></separatorItem>

    <subMenu id="changeDescriptiveParm">
        <label>Change Descriptive Parm</label>

        <scriptItem>
            <label>Set</label>
            <scriptCode><![CDATA[
import changeDescriptiveParm
reload(changeDescriptiveParm)
changeDescriptiveParm.doit(kwargs["parms"],"set")
                ]]></scriptCode>
        </scriptItem>

        <scriptItem>
            <label>Clear</label>
                <scriptCode><![CDATA[
import changeDescriptiveParm
reload(changeDescriptiveParm)
changeDescriptiveParm.doit(kwargs["parms"],"clear")
                ]]></scriptCode>
        </scriptItem>

    </subMenu>

    </menu>
</menuDocument>
