{	"env" : 
	[
		
		{ "PROJ" : "BurninigProj"},

		{"PROJ_ROOT":
			 [
				{"houdini_os != 'windows'" : "/proj"},
				{"houdini_os == 'windows'" : "Z:/proj"},
			]
		},

		{"TEAM_FX":
			 [
				{"houdini_os != 'windows'" : "/team/fx"},
				{"houdini_os == 'windows'" : "T:/fx"},
			]
		},



		{ "PROJ_TOOLS_HOU" : "REPLACE/SampleWorkFlow" },
		{ "TEAM_TOOLS_HOU" : "$TEAM_FX/tools/houdini/houdini$HOUDINI_MAJOR_RELEASE.$HOUDINI_MINOR_RELEASE" },

		
		{ "NAGAMOCHI" : "$TEAM_TOOLS_HOU/Nagamochi" },


		{ "RENDER_RES_X" : 1920 },
		{ "RENDER_RES_Y" : 960 },
		{ "SCALE_FACTOR" : 10 },
		

		{ "HOUDINI_BUFFEREDSAVE":
			 [
				{"houdini_os != 'windows'" : 0},
				{"houdini_os == 'windows'" : 1},
			]
		},

		{ "HOUDINI_PATH" : "$PROJ_TOOLS_HOU"}



	]
}
